{"oreoU2P8bN6jkk3jbaiVxYnG1dCXcYxwhwyK9jSybcp":{"createdAt":"2024-08-03T00:00:50.697Z","liquidity":351171.9641005795,"usdPrice":70.72974421953461,"blockId":424562622,"decimals":11,"priceChange24h":-23.900052465985063}}