{"So11111111111111111111111111111111111111112":{"createdAt":"2024-06-05T08:55:25.527Z","liquidity":626583133.2185967,"usdPrice":63.210860354457715,"blockId":424562673,"decimals":9,"priceChange24h":-7.785621114622786}}